standard_id,title,scope,category,department,keywords,official_url,status,year
IS 456:2000,Plain and Reinforced Concrete — Code of Practice (Fourth Revision),"Code of practice covering general structural use of plain and reinforced concrete, including design (working stress and limit state methods), materials, workmanship, inspection and testing.",Construction & Building Materials,"Cement and Concrete Sectional Committee, CED 2","concrete, RCC, PCC, structural design, civil engineering, construction",https://law.resource.org/pub/in/bis/S03/is.456.2000.pdf,Active,2000
IS 2062:2011,Hot Rolled Medium and High Tensile Structural Steel — Specification (Seventh Revision),"Covers requirements of steel including micro-alloyed steel plates, strips, shapes, sections (angles, tees, beams, channels), flats and bars for structural work suitable for welded, bolted and riveted structures.",Structural & Constructional Steel,"Wrought Steel Products Sectional Committee, MTD 04","structural steel, hot rolled, E250, E350, beams, angles, welding",https://services.bis.gov.in/tmp/SR2062.pdf,Withdrawn / Being Replaced,2011
IS 1786:2008,High Strength Deformed Steel Bars and Wires for Concrete Reinforcement — Specification (Fourth Revision),"Covers requirements of deformed steel bars and wires (TMT bars) used as reinforcement in concrete, in strength grades Fe415/Fe500/Fe500D/Fe550/Fe550D/Fe600.",Structural & Constructional Steel,"Concrete Reinforcement Sectional Committee, CED 54","TMT bars, rebar, reinforcement, Fe415, Fe500, concrete",https://bis.gov.in/wp-content/uploads/2019/05/IS-1786-Product-Manual-Revision-2-.pdf,Active,2008
IS 269:2015,Ordinary Portland Cement — Specification (Fifth Revision),"Covers manufacture and chemical/physical requirements of Ordinary Portland Cement, consolidating grades 33, 43 and 53 (previously separate IS 269, IS 8112, IS 12269) plus sleeper-grade cement for railway concrete sleepers.",Construction & Building Materials,"Cement and Concrete Sectional Committee, CED 2","cement, OPC, 33 grade, 43 grade, 53 grade, construction",https://alephindia.in/isi-product/ordinary-portland-cement-is-269-2015.php,Active,2015
IS 4990:2011,Plywood for Concrete Shuttering Works — Specification (Third Revision),,Construction & Building Materials,,"plywood, shuttering, formwork, concrete construction",https://services.bis.gov.in/tmp/Circular_McXI_2024-07-02.pdf,Active,2011
IS 302 (Part 1):2024,Household and Similar Electrical Appliances — Safety Part 1: General Requirements (Seventh Revision) / IEC 60335-1:2020,"General safety requirements and constructional details for household and similar electrical appliances (voltage not exceeding 250V single-phase / 480V other), covering electrical and mechanical construction aspects affecting safety, durability and reliability.",Electrical Appliances & Household Safety,Electrotechnical Department,"household appliances, electrical safety, IEC 60335, general requirements",https://www.bis.gov.in/wp-content/uploads/2025/07/approved-IS-302-1-PM.pdf,Active,2024
IS 16102 (Part 1):2012,Self-Ballasted LED Lamps for General Lighting Services: Part 1 Safety Requirements,Safety requirements for self-ballasted LED lamps intended for general lighting services on supplies up to 250V.,Lighting & LED Products,"Lamps and Related Equipments Committee, ETD 23","LED, lamps, lighting, safety, self-ballasted",https://services.bis.gov.in/php/BIS_2.0/bisconnect/knowyourstandards/Indian_standards/isdetails/MjE0NTE=,Active (Revision in Progress),2012
IS 4722:2001,Rotating Electrical Machines — Specification,,Electrical Machines & Cables,"Electrotechnical Department, ETD 15","rotating electrical machines, motors, generators, IEC 60034",https://www.services.bis.gov.in/php/BIS_2.0/bisconnect/knowyourstandards/Indian_standards/isdetails/MTYxNTg=,Active,2001
IS 13252 (Part 1):2010,Information Technology Equipment — Safety Part 1: General Requirements (Second Revision) / IEC 60950-1:2005,"Safety requirements for IT equipment (servers, workstations, laptops, networking devices, storage systems, peripherals) operating on voltages up to 600V, covering electric shock, fire and mechanical hazards.",IT & Electronics Equipment Safety,"Electronics and Information Technology Department, LITD 7","IT equipment, laptops, servers, electrical safety, IEC 60950",https://www.services.bis.gov.in/php/BIS_2.0/bisconnect/knowyourstandards/Indian_standards/isdetails/MzQ4,Active,2010
IS 694:2010,PVC Insulated (Unsheathed and Sheathed) Cables/Cords with Rigid and Flexible Conductor for Rated Voltages up to and including 1100 V (Fourth Revision),,Electrical Machines & Cables,,"PVC cables, wiring, insulated cables, electrical installation",https://services.bis.gov.in/tmp/Circular_McXI_2024-07-02.pdf,Active,2010
IS 9873 (Part 1):2019,Safety of Toys — Part 1: Safety Aspects Related to Mechanical and Physical Properties (Fourth Revision) / ISO 8124-1:2018,"Requirements and test methods for toys intended for use by children from birth to 14 years, covering structural characteristics (shape, size, contour, spacing) and toy-category-specific safety criteria.",Toys & Children's Product Safety,"Toys and Related Test Methods Sectional Committee, PCD 30","toys, child safety, mechanical safety, ISO 8124",https://services.bis.gov.in/tmp/Circular_McXI_2024-07-02.pdf,Active,2019
IS 15298 (Part 2):2024,"Personal Protective Equipment Part 2: Safety Footwear (Third Revision) / ISO 20345:2021, MOD","Specification for safety footwear providing toe protection and other protective features, modified/technically equivalent to ISO 20345:2021.",Personal Protective Equipment (PPE),Committee CHD 19 (Leather and Leather Products),"PPE, safety footwear, ISO 20345, industrial safety",https://services.bis.gov.in/php/BIS_2.0/bisconnect/knowyourstandards/Indian_standards/isdetails/MzE1NzM=,Active (Revision in Progress),2024
IS 2347:2017,Domestic Pressure Cooker — Specification (Sixth Revision),,Household & Domestic Appliances,,"pressure cooker, kitchen appliances, consumer safety",https://services.bis.gov.in/tmp/Circular_McXI_2024-07-02.pdf,Active,2017
IS 10500:2012,Drinking Water — Specification (Second Revision),"Prescribes requirements and methods of sampling and test for drinking water, defining 'Acceptable Limit' and 'Permissible Limit (in absence of alternate source)' for physical, chemical, bacteriological and radiological parameters.",Drinking Water & Water Supply,,"drinking water, potable water, water quality, BIS specification",https://services.bis.gov.in/tmp/Circular_for_PM_IS_10500_hkJ3_2020-10-09.pdf,Active,2012
IS 14543:2016,Packaged Drinking Water (Other Than Packaged Natural Mineral Water) — Specification (Second Revision),,Drinking Water & Water Supply,,"packaged drinking water, bottled water, food safety",https://services.bis.gov.in/tmp/Circular_McXI_2024-07-02.pdf,Active,2016
IS 4984:2016,Polyethylene Pipes for Water Supply — Specification (Fifth Revision),,Drinking Water & Water Supply,,"polyethylene pipes, water supply, piping",https://services.bis.gov.in/tmp/Circular_McXI_2024-07-02.pdf,Active,2016
IS 4985:2021,Unplasticized PVC Pipes for Potable Water Supplies — Specification (Fourth Revision),,Drinking Water & Water Supply,,"UPVC pipes, potable water, piping",https://services.bis.gov.in/tmp/Circular_McXI_2024-07-02.pdf,Active,2021
IS 7224:2006,"Iodized Salt, Vacuum Evaporated Iodized Salt and Refined Iodized Salt — Specification (Second Revision)",,Food Products & Packaging,,"iodized salt, food specification, salt",https://services.bis.gov.in/tmp/Circular_McXI_2024-07-02.pdf,Active,2006
IS 15410:2003,Containers for Packaging of Natural Mineral Water and Packaged Drinking Water — Specification,,Food Products & Packaging,,"packaging, bottles, mineral water, drinking water",https://services.bis.gov.in/tmp/Circular_McXI_2024-07-02.pdf,Active,2003
IS 2830:2012,"Carbon Steel Cast Billet Ingots, Billets, Blooms and Slabs for Re-rolling into Steel for General Structural Purposes — Specification (Third Revision)",,Structural & Constructional Steel,,"billets, steel casting, re-rolling, structural steel raw material",https://services.bis.gov.in/tmp/Circular_McXI_2024-07-02.pdf,Active,2012
IS 4905:2015,Random Sampling and Randomization Procedures (First Revision) / ISO 24153:2009,"Cornerstone standard for random sampling and randomization procedures used across industrial quality control, trade and scientific applications; identical to ISO 24153:2009. Supersedes the original IS 4905:1968.","Quality Control, Sampling & Testing Methods","Statistical Methods for Quality and Reliability Sectional Committee, MSD 03","random sampling, statistical methods, quality control, ISO 24153",https://services.bis.gov.in/tmp/1734345518.pdf,Active,2015
IS 2500 (Part 1):2000,Sampling Procedures for Inspection by Attributes: Part 1 Sampling Schemes Indexed by Acceptance Quality Limit (AQL) for Lot-by-Lot Inspection (Third Revision) / ISO 2859-1:1999,Acceptance sampling plans indexed by Acceptable Quality Level (AQL) — specifies how many units to inspect from a lot and the acceptance/rejection criteria; identical to ISO 2859-1:1999.,"Quality Control, Sampling & Testing Methods","Statistical Methods for Quality, Data Analytics and Reliability Sectional Committee, MSD 03","acceptance sampling, AQL, lot inspection, quality control",https://www.services.bis.gov.in/php/BIS_2.0/dgdashboard/published/sub_sub_grp_stn_list/578,Active,2000
