"Recommended minimal record for embeddings + FAISS (Babar's AI engine)","",""
"","",""
"Field","Role in embedding pipeline","Notes"
"standard_number","Metadata (returned with result, not embedded)","Shown to the user alongside the match"
"title","Embedded (core searchable text)","Highest-signal text for matching a procurement query"
"description_or_scope","Embedded (core searchable text)","Adds semantic detail beyond the title"
"keywords","Embedded (supplementary text)","Boosts recall for procurement jargon that may not appear in the title"
"category","Metadata (optional filter, not embedded by default)","Can be used for pre/post-filtering search results, or appended to embedding_text if recall is low — see File 04"
"official_bis_url","Metadata (returned with result, not embedded)","Always show this link so users can verify against the real standard"
"Suggested embedding_text template:","",""
"[STANDARD NUMBER] [TITLE]. [DESCRIPTION_OR_SCOPE]. [KEYWORDS].","",""
"","",""
"This is a starting point, not a fixed rule — Babar should feel free to test variants (e.g. with/without category) against the sample search queries Aatif prepares, and keep whichever gives the best top-5 results.","",""
