"field_name","type","required","meaning","example","used_for_embedding","used_for_filtering","display_to_user","source","notes"
"standard_number","string","TRUE","Official IS designator, primary key","IS 456:2000","FALSE","TRUE","TRUE","BIS catalogue","Keep exact BIS formatting"
"title","string","TRUE","Official standard title","Plain and Reinforced Concrete — Code of Practice","TRUE","FALSE","TRUE","BIS catalogue",""
"description_or_scope","text","TRUE","Short scope paraphrase","Covers structural use of plain/reinforced concrete...","TRUE","FALSE","TRUE","Standard's Scope clause (paraphrased)","Never store verbatim clause text"
"category","string (enum)","TRUE","High-level procurement category","Construction & Building Materials","FALSE (optional)","TRUE","TRUE","Team-assigned (File 04)",""
"sector","string","FALSE","Broader sector grouping","Construction / Civil Engineering","FALSE","TRUE","FALSE","Team-assigned",""
"keywords","string (csv)","TRUE","Search/procurement keywords","concrete, RCC, structural design","TRUE","TRUE","TRUE","Derived",""
"department_division","string","FALSE","BIS technical committee","CED 2","FALSE","FALSE","FALSE","BIS catalogue","Provenance only"
"status_revision","string","FALSE","Revision label / status","Fourth Revision","FALSE","FALSE","TRUE","BIS catalogue","Needs periodic refresh"
"publication_revision_date","string","FALSE","Edition year","2000","FALSE","FALSE","FALSE","BIS catalogue","Store as text, not date type"
"amendment_information","string","FALSE","Amendment count/notes","3 amendments","FALSE","FALSE","FALSE","BIS catalogue","Low priority for MVP"
"official_bis_url","URL","TRUE","Link to official BIS source used","https://services.bis.gov.in/tmp/SR2062.pdf","FALSE","FALSE","TRUE","n/a","Always show to user"
"source","string","FALSE","Type of BIS source page","Know Your Standard catalogue page","FALSE","FALSE","FALSE","n/a","Reliability indicator"
"related_standard_information","string","FALSE","Cross-referenced IS numbers","IS 1786, IS 269","FALSE","FALSE","FALSE","BIS catalogue","Future 'related standards' feature"
"certification_relevance","string","FALSE","Mandatory / voluntary / n.a.","Mandatory under Steel QCO","FALSE","TRUE","TRUE","BIS/QCO notifications",""
"embedding_text","text","TRUE","Text fed to embedding model","IS 456:2000 Plain and Reinforced Concrete...","TRUE (this IS what gets embedded)","FALSE","FALSE","Derived","See File 07 template"
"metadata_json","JSON string","FALSE","Bundled secondary metadata","{""sector"": ""...""}","FALSE","FALSE","FALSE","Derived","Optional convenience for backend"
