"Field Name","Tier","Description","Example","Data Type","Source","Official BIS Source URL","Always Available?","Can We Store It?","Can We Display It?","Required for MVP?","Used By AI?","Used By Backend?","Notes"
"standard_number","ESSENTIAL (MVP)","The official Indian Standard designator, including part/section and year.","IS 456:2000","string","BIS 'Know Your Standard' catalogue","https://standards.bis.gov.in/website/know-your-standards","Yes","Yes","Yes","Yes","Yes","Yes","Primary key. Keep the exact BIS formatting (spaces, colon, parentheses for parts)."
"title","ESSENTIAL (MVP)","Official title of the standard as published by BIS, including revision label.","Plain and Reinforced Concrete — Code of Practice (Fourth Revision)","string","BIS catalogue / standard text","https://standards.bis.gov.in/website/know-your-standards","Yes","Yes","Yes","Yes","Yes","Yes","Titles can be long; do not truncate for storage, only for UI display."
"description_or_scope","ESSENTIAL (MVP)","A short scope/description of what the standard covers, drawn from its published scope clause.","Covers general structural use of plain and reinforced concrete...","text","Standard's own 'Scope' clause / secondary summaries","varies per standard","No — many standards' full scope was not retrieved in this pass","Yes (short paraphrase only, not full clause text)","Yes","Yes","Yes","No","Full scope clauses are BIS copyrighted text — store only a short paraphrase, never the verbatim clause. See File 03 (copyright note)."
"category","ESSENTIAL (MVP)","High-level procurement category (see File 04 taxonomy).","Construction & Building Materials","string (enum)","Assigned by team, not by BIS","n/a","Yes (once assigned)","Yes","Yes","Yes","Yes","Yes","This is our own categorisation layer, not an official BIS field."
"sector","USEFUL","Broader procurement sector, useful for filtering across multiple categories.","Construction / Civil Engineering","string","Assigned by team","n/a","Yes (once assigned)","Yes","Yes","No","Yes","Yes","Coarser grouping than category."
"keywords","ESSENTIAL (MVP)","Free-text search keywords / typical procurement terms associated with the standard.","concrete, RCC, structural design","string (comma-separated)","Derived from title/scope + team knowledge","n/a","Yes (once assigned)","Yes","Yes","Yes","Yes","Yes","Feeds directly into embedding_text; keep concise and specific."
"department_division","USEFUL","BIS technical department/sectional committee responsible for the standard.","Cement and Concrete Sectional Committee, CED 2","string","BIS catalogue page","varies per standard","No — confirmed for about half the collected standards","Yes","Yes","No","No","No","Useful for provenance, not for search/embeddings."
"status_revision","USEFUL","Current revision label and reaffirmation/withdrawal status.","Seventh Revision; reaffirmed 2005","string","BIS catalogue page","varies per standard","No — several standards show 'Not available on reviewed BIS page'","Yes","Yes","No","No","Yes","IMPORTANT: standards get revised/withdrawn. This field needs periodic refresh, not a one-time snapshot. NOTE (added on review): In File 07 (Master Dataset), this field is split into two columns — 'status' and 'revision_information' — rather than one combined field. Same concept, different shape; map both when writing code against File 07."
"publication_revision_date","USEFUL","Year (and where known, month) of the current edition.","2000","string/date","BIS catalogue page","varies per standard","Mostly Yes","Yes","Yes","No","No","No","Store as text (e.g. '2000') to avoid Excel date-parsing issues."
"amendment_information","OPTIONAL / FUTURE","Number and nature of amendments issued after the base edition.","3 amendments","string","BIS catalogue page","varies per standard","No — largely unconfirmed","Yes","No","No","No","No","Low priority for MVP; matters for compliance-grade accuracy later."
"official_bis_url","ESSENTIAL (MVP)","Direct link to the official BIS page/document used as the source for this row.","https://services.bis.gov.in/tmp/SR2062.pdf","URL","n/a — this IS the source pointer","n/a","Yes","Yes","Yes","Yes","No","No","Always link out to BIS rather than reproducing standard text in the UI."
"source","USEFUL","Type/name of the source page (catalogue page, product manual, circular, etc.).","Official BIS 'Know Your Standard' catalogue page","string","n/a","n/a","Yes","Yes","No","No","No","No","Helps the team judge reliability — a full standard PDF is stronger evidence than a circular table row. NOTE (added on review): In File 07 (Master Dataset), this is just called 'source' (matches this row exactly). In File 02 it was originally mislabeled 'source_page' — that has been corrected to 'source' so both files now agree."
"related_standard_information","OPTIONAL / FUTURE","Other IS numbers this standard references or is referenced by.","IS 1786 (reinforcement), IS 269 (cement)","string","BIS catalogue cross-reference tables","varies per standard","Partial","Yes","Yes","No","No","No","Could later power a 'related standards' feature."
"normative_references","OPTIONAL / FUTURE","Formal list of other standards normatively referenced (stricter subset of related_standard_information).","IS 9595:1996 (welding)","string","BIS standard's own References clause","varies per standard","No — not systematically collected in this pass","Yes","No","No","No","No","Not collected for this handoff; flagged for future work."
"testing_related_information","OPTIONAL / FUTURE","Notes on associated test methods / BIS test-report volumes.","16713 BIS test reports issued (high certification volume)","string","BIS circular (McXI 2024-07-02)","https://services.bis.gov.in/tmp/Circular_McXI_2024-07-02.pdf","Partial (only for standards from that circular)","Yes","Yes","No","No","No","Indicates how actively a standard is certified against — a rough popularity signal."
"certification_relevance","USEFUL","Whether BIS certification (ISI mark) is mandatory, voluntary, or not applicable for this standard.","Mandatory under Steel QCO, 5 Feb 2024","string","BIS catalogue / QCO notifications","varies per standard","Partial","Yes","Yes","No","No","Yes","Helps distinguish 'must comply' standards from voluntary/reference codes in search results."
"data_availability_notes","ESSENTIAL (MVP)","Honest note on what could/could not be confirmed for this row.","Full scope confirmed","text","n/a — team-authored","n/a","Yes","Yes","No — internal use only","No","No","No","Never hide gaps. If a field says 'Not available on reviewed BIS page', that is the correct, non-invented value. NOTE (added on review): In File 07 (Master Dataset), data_availability_notes and copyright_use_notes are both folded into a single 'notes' column rather than kept as two separate columns."
"copyright_use_notes","ESSENTIAL (MVP)","Standard boilerplate note on IP status — see File 03 for full policy.","Copyright vests in BIS; do not reproduce/redistribute full text without BIS permission","text","BIS Copyright Policy","https://www.bis.gov.in/standards/copyright/","Yes","Yes","Yes","Yes","No","No","Same text repeats for every row by design — it is a policy reminder, not per-standard data."
"embedding_text","ESSENTIAL (MVP)","Concatenated clean text fed to the embedding model (see File 07).","IS 456:2000 Plain and Reinforced Concrete...","text","Derived — built from other fields, not a BIS field itself","n/a","Yes (once other fields are filled)","Yes","No","Yes","Yes","No","See File 07 for the exact construction template."
"metadata_json","OPTIONAL / FUTURE","Structured JSON bundling secondary metadata fields for flexible querying.","{""sector"": ""..."", ""certification"": ""...""}","JSON string","Derived","n/a","Yes (once populated)","Yes","No","No","No","Yes","Optional convenience field for the backend team (Muhaimin) — not required for the AI engine itself."
