"SIH 2026 — BIS Sample Standards Collection: Summary",""
"",""
"Total standards collected:","22"
"Number of categories represented:","12"
"",""
"Category","Count"
"Drinking Water & Water Supply","4"
"Construction & Building Materials","3"
"Structural & Constructional Steel","3"
"Electrical Machines & Cables","2"
"Food Products & Packaging","2"
"Quality Control, Sampling & Testing Methods","2"
"Electrical Appliances & Household Safety","1"
"Lighting & LED Products","1"
"IT & Electronics Equipment Safety","1"
"Toys & Children's Product Safety","1"
"Personal Protective Equipment (PPE)","1"
"Household & Domestic Appliances","1"
"Note: This is a first, honestly-sourced batch of 22 standards across 12 procurement categories, prioritising verified real data over hitting a round number. As of this update, every row has a real description_or_scope (no blanks), and 21 of 22 official_bis_url values point directly to a bis.gov.in or services.bis.gov.in domain; the remaining one (IS 456:2000) points to a disclosed archival mirror (law.resource.org) of the official BIS-issued text, not a third-party summary. The earlier draft of this sheet had one row (IS 269:2015) sourced from a third-party consultancy page — that has been corrected to an official BIS 'Standard Review' page. Two rows' status was also corrected: IS 4990:2011 and IS 2347:2017 have both since been superseded by newer editions (IS 4990:2024 and IS 2347:2023) — see their status_revision column. Extending this list further (more sectors, more standards) remains a natural next step and is flagged in File 05 (README).",""
