"standard_number","title","category","sector","description_or_scope","department_division","status_revision","publication_revision_date","amendment_information","official_bis_url","source","keywords","related_standard_information","certification_relevance","data_availability_notes","copyright_use_notes"
"IS 456:2000","Plain and Reinforced Concrete — Code of Practice (Fourth Revision)","Construction & Building Materials","Civil Engineering / Construction","Code of practice covering general structural use of plain and reinforced concrete, including design (working stress and limit state methods), materials, workmanship, inspection and testing.","Cement and Concrete Sectional Committee, CED 2","Fourth Revision; reaffirmed 2005","July 2000","Amendment No. 1 and 2 incorporated (per reprint)","https://law.resource.org/pub/in/bis/S03/is.456.2000.pdf","Official BIS standard text (archived RTI-mirror of BIS-published document; original sold via BIS Standards store at https://www.services.bis.gov.in/php/BIS_2.0/eBIS/)","concrete, RCC, PCC, structural design, civil engineering, construction","IS 1786 (reinforcement bars), IS 383 (aggregates), IS 269 (cement), IS 13920 (seismic detailing)","Referenced design code; not itself a product-certification (ISI mark) standard","Full scope confirmed from official standard text","Copyright vests in BIS; do not reproduce/redistribute full text without BIS permission"
"IS 2062:2011","Hot Rolled Medium and High Tensile Structural Steel — Specification (Seventh Revision)","Structural & Constructional Steel","Mechanical / Industrial Equipment / Construction Materials","Covers requirements of steel including micro-alloyed steel plates, strips, shapes, sections (angles, tees, beams, channels), flats and bars for structural work suitable for welded, bolted and riveted structures.","Wrought Steel Products Sectional Committee, MTD 04","Seventh Revision. Note: BIS circular (16 Apr 2026) indicates IS 2062 is being split into Part 1 (hot rolled medium/high tensile) and Part 2 (quenched & tempered); IS 2062:2011 stands withdrawn after implementation of IS 2062(Part 1):2025","2011 (mandatory under Steel QCO, 5 Feb 2024)","Multiple amendments; see BIS circular dated 2026-04-16 for revision/split status","https://services.bis.gov.in/tmp/SR2062.pdf","Official BIS-hosted standard text (services.bis.gov.in)","structural steel, hot rolled, E250, E350, beams, angles, welding","IS 800 (general construction using steel), IS 9595 (welding)","Mandatory BIS (ISI mark) certification under Ministry of Steel QCO","Under active revision as of 2026 — confirm current part/status before use","Copyright vests in BIS; do not reproduce/redistribute full text without BIS permission"
"IS 1786:2008","High Strength Deformed Steel Bars and Wires for Concrete Reinforcement — Specification (Fourth Revision)","Structural & Constructional Steel","Construction Materials","Covers requirements of deformed steel bars and wires (TMT bars) used as reinforcement in concrete, in strength grades Fe415/Fe500/Fe500D/Fe550/Fe550D/Fe600.","Concrete Reinforcement Sectional Committee, CED 54","Fourth Revision","May 2008","3 amendments (per BIS Product Manual PM/IS 1786/2/May 2019)","https://bis.gov.in/wp-content/uploads/2019/05/IS-1786-Product-Manual-Revision-2-.pdf","Official BIS Product Manual (bis.gov.in)","TMT bars, rebar, reinforcement, Fe415, Fe500, concrete","IS 456 (concrete code), IS 1139 (superseded predecessor)","Mandatory BIS (ISI mark) certification under Ministry of Steel QCO","Full scope confirmed","Copyright vests in BIS; do not reproduce/redistribute full text without BIS permission"
"IS 269:2015","Ordinary Portland Cement — Specification (Fifth Revision)","Construction & Building Materials","Construction Materials","Covers manufacture and chemical/physical requirements of Ordinary Portland Cement, consolidating grades 33, 43 and 53 (previously separate IS 269, IS 8112, IS 12269) plus sleeper-grade cement for railway concrete sleepers.","Cement and Concrete Sectional Committee, CED 2","Fifth Revision | Reviewed in 2020; Mandatory Certification (confirmed on official page). Ministry: Housing and Urban Affairs / DPIIT.","2015","1 amendment confirmed on the official BIS detail page (Amendment No. 1, implementation deadline 17 Feb 2024, per BIS circular CMD-III/16:IS 269, 30 Oct 2023).","https://services.bis.gov.in/php/BIS_2.0/bisconnect/standard_review/Standard_review/Isdetails?ID=MTEx","BIS official 'Standard Review' detail page (services.bis.gov.in) — replaces a prior third-party (alephindia.in) URL that was flagged as non-official.","cement, OPC, 33 grade, 43 grade, 53 grade, construction","IS 456 (concrete code), IS 4031 (cement test methods), IS 8112, IS 12269 (older grade-specific standards)","Mandatory BIS (ISI mark) certification","URL corrected this session — now points to the official BIS Standard Review page instead of a third-party summary.","Copyright vests in BIS; do not reproduce/redistribute full text without BIS permission"
"IS 4990:2011","Plywood for Concrete Shuttering Works — Specification (Third Revision)","Construction & Building Materials","Construction Materials","Covers the requirements of plywood for concrete shuttering and form work (formwork plywood reused across multiple concrete pours in RCC construction).","Wood and Other Lignocellulosic Products Sectional Committee, CED 20","Third Revision | WITHDRAWN — superseded by IS 4990:2024 (Fourth Revision). Implementation deadline for the new standard was 26 Dec 2024, after which IS 4990:2011 stood withdrawn, per an official BIS circular.","2011","Not available on reviewed BIS page","https://www.services.bis.gov.in/php/BIS_2.0/bisconnect/knowyourstandards/Indian_standards/isdetails/MTE3MDU=","BIS official 'Know Your Standard' detail page (services.bis.gov.in); scope clause cross-checked against the standard's own foreword/scope text.","plywood, shuttering, formwork, concrete construction","Not available on reviewed BIS page","Mandatory — appears on BIS licensing/test-report circular","Status correction this session: this edition is withdrawn, not current — flag any UI/result using it accordingly.","Copyright vests in BIS; do not reproduce/redistribute full text without BIS permission"
"IS 302 (Part 1):2024","Household and Similar Electrical Appliances — Safety Part 1: General Requirements (Seventh Revision) / IEC 60335-1:2020","Electrical Appliances & Household Safety","Electrical / Electronics / Consumer Products","General safety requirements and constructional details for household and similar electrical appliances (voltage not exceeding 250V single-phase / 480V other), covering electrical and mechanical construction aspects affecting safety, durability and reliability.","Electrotechnical Department","Seventh Revision; running concurrently with IS 302(Part1):2008 until 23 Feb 2026","2024 (identical to IEC 60335-1:2020)","Nil, as of product manual dated July 2025","https://www.bis.gov.in/wp-content/uploads/2025/07/approved-IS-302-1-PM.pdf","Official BIS Product Manual (bis.gov.in)","household appliances, electrical safety, IEC 60335, general requirements","IS 302 (Part 2, various sections — appliance-specific), IEC 60335-1:2020","Mandatory under Safety of Household, Commercial and Similar Electrical Appliances (Quality Control) Order, 2024","Full scope confirmed","Copyright vests in BIS; do not reproduce/redistribute full text without BIS permission"
"IS 16102 (Part 1):2012","Self-Ballasted LED Lamps for General Lighting Services: Part 1 Safety Requirements","Lighting & LED Products","Electrical / Electronics / Consumer Products","Safety requirements for self-ballasted LED lamps intended for general lighting services on supplies up to 250V.","Lamps and Related Equipments Committee, ETD 23","Original 2012 edition; First Revision published as IS 16102(Part1):2026","2012 (reviewed 2024); revised edition 2026","3 amendments to the 2012 edition","https://services.bis.gov.in/php/BIS_2.0/bisconnect/knowyourstandards/Indian_standards/isdetails/MjE0NTE=","Official BIS 'Know Your Standard' catalogue page (services.bis.gov.in)","LED, lamps, lighting, safety, self-ballasted","IS 16101 (LED terms/definitions), IS 16103 (LED modules), IS 16108 (photobiological safety)","Product-specification standard under BIS certification scheme for LED lamps","Full scope confirmed; note 2026 revised edition supersedes the 2012 edition — verify current status before certification use","Copyright vests in BIS; do not reproduce/redistribute full text without BIS permission"
"IS 4722:2001","Rotating Electrical Machines — Specification","Electrical Machines & Cables","Electrical / Industrial Equipment","Identical under dual numbering with the 1988-era IEC 60034-3 'Specific requirements for turbine-type synchronous machines' — applies to large three-phase turbine-type synchronous machines (generators) with rated outputs of 10 MVA and above.","Rotating Machinery Sectional Committee, ETD 15","Not available on reviewed BIS page | Likely superseded: the current IEC 60034-3 content area (synchronous generators driven by steam/gas turbines) appears to now be carried under IS 15999 (Part 3):2023, which is 'Identical under dual numbering' with the current IEC 60034-3:2020 — confirm directly with BIS/Babar's team before treating IS 4722:2001 as the live standard.","2001","Not available on reviewed BIS page","https://services.bis.gov.in/php/BIS_2.0/bisconnect/knowyourstandards/Indian_standards/isdetails_mnd/5966","BIS official 'Know Your Standard' cross-reference page (services.bis.gov.in) confirming title and IEC correspondence; scope text taken from the corresponding IEC 60034-3 edition abstract (IS-side scope clause itself not independently re-verified this session).","rotating electrical machines, motors, generators, IEC 60034","IEC 60034-03; related to IS 12615, IS 996 (induction motors)","Not available on reviewed BIS page","Scope is inferred from the identical IEC edition, not confirmed against the Indian Standard's own scope clause text — weaker sourcing than most other rows; flagged for follow-up.","Copyright vests in BIS; do not reproduce/redistribute full text without BIS permission"
"IS 13252 (Part 1):2010","Information Technology Equipment — Safety Part 1: General Requirements (Second Revision) / IEC 60950-1:2005","IT & Electronics Equipment Safety","Electronics / Information Technology","Safety requirements for IT equipment (servers, workstations, laptops, networking devices, storage systems, peripherals) operating on voltages up to 600V, covering electric shock, fire and mechanical hazards.","Electronics and Information Technology Department, LITD 7","Second Revision","2010","2 amendments","https://www.services.bis.gov.in/php/BIS_2.0/bisconnect/knowyourstandards/Indian_standards/isdetails/MzQ4","Official BIS 'Know Your Standard' catalogue page (services.bis.gov.in)","IT equipment, laptops, servers, electrical safety, IEC 60950","IS 616 (audio/video equipment safety), IS/IEC 62368-1 (newer convergent safety standard)","Mandatory under MeitY Quality Control Order for notified IT equipment","Full scope confirmed","Copyright vests in BIS; do not reproduce/redistribute full text without BIS permission"
"IS 694:2010","Polyvinyl Chloride Insulated (Unsheathed and Sheathed) Cables/Cords with Rigid and Flexible Conductor for Rated Voltages up to and including 1100 V (Fourth Revision)","Electrical Machines & Cables","Electrical / Construction","General requirements for single and multicore cables/cords with rigid or flexible annealed bare/tinned copper or aluminium conductors, PVC insulated (with or without sheath), for rated voltages up to and including 1100 V — used for internal wiring and household/industrial low-voltage applications.","Not available on reviewed BIS page","Fourth Revision","2010","Not available on reviewed BIS page","https://www.services.bis.gov.in/tmp/compendium_2025-06-02-05-09-22.pdf","Official BIS 'Power Cables' standards compendium (services.bis.gov.in); title corrected to match the exact official title confirmed via an official BIS test-report circular this session.","PVC cables, wiring, insulated cables, electrical installation","IS 732 (electrical wiring code)","Mandatory — appears on BIS licensing/test-report circular (one of the most-tested standards, 3058 reports)","Title corrected this session — the original row used a shortened/paraphrased title; this is the standard's exact published title.","Copyright vests in BIS; do not reproduce/redistribute full text without BIS permission"
"IS 9873 (Part 1):2019","Safety of Toys — Part 1: Safety Aspects Related to Mechanical and Physical Properties (Fourth Revision) / ISO 8124-1:2018","Toys & Children's Product Safety","Consumer Products / Safety","Requirements and test methods for toys intended for use by children from birth to 14 years, covering structural characteristics (shape, size, contour, spacing) and toy-category-specific safety criteria.","Toys and Related Test Methods Sectional Committee, PCD 30","Fourth Revision (identical to ISO 8124-1:2018)","2019","Not available on reviewed BIS page","https://services.bis.gov.in/tmp/Circular_McXI_2024-07-02.pdf","Official BIS circular (services.bis.gov.in), confirming title and current mandatory status (4180 test reports issued)","toys, child safety, mechanical safety, ISO 8124","IS 9873 Part 2 (flammability), Part 3 (migration of elements), Part 4 (activity toys), IS 15644 (electric toys)","Mandatory BIS certification for toys","Full scope confirmed","Copyright vests in BIS; do not reproduce/redistribute full text without BIS permission"
"IS 15298 (Part 2):2024","Personal Protective Equipment Part 2: Safety Footwear (Third Revision) / ISO 20345:2021, MOD","Personal Protective Equipment (PPE)","Consumer Products / Industrial Safety","Specification for safety footwear providing toe protection and other protective features, modified/technically equivalent to ISO 20345:2021.","Committee CHD 19 (Leather and Leather Products)","Third Revision (supersedes IS 15298 Part 2:2016)","2024","Not available on reviewed BIS page","https://services.bis.gov.in/php/BIS_2.0/bisconnect/knowyourstandards/Indian_standards/isdetails/MzE1NzM=","Official BIS 'Know Your Standard' catalogue page (services.bis.gov.in)","PPE, safety footwear, ISO 20345, industrial safety","IS 15298 Part 1 (footwear test methods), Part 3 (protective footwear), Part 4 (occupational footwear)","Mandatory Certification (per predecessor IS 15298 Part2:2016 listing)","Full scope confirmed","Copyright vests in BIS; do not reproduce/redistribute full text without BIS permission"
"IS 2347:2017","Domestic Pressure Cooker — Specification (Sixth Revision)","Household & Domestic Appliances","Consumer Products","Covers requirements for domestic pressure cookers of nominal capacity up to 24 litres, including aluminium, stainless steel, hard-anodized, induction-compatible, composite-bottom and 3-ply type cookers.","Utensils, Cutlery and Domestic Hardware Sectional Committee, MED 33","Sixth Revision | REVISED — IS 2347:2017 has been superseded by IS 2347:2023 (Seventh Revision). Implementation deadline for the revised standard was 28 March 2024, per an official BIS circular. Treat IS 2347:2017 as historical unless the team specifically needs the older edition.","2017","Not available on reviewed BIS page","https://services.bis.gov.in/php/BIS_2.0/bisconnect/get_is_list_by_category_id/4","BIS official product-category listing (services.bis.gov.in); scope clause cross-checked against the standard's own official text.","pressure cooker, kitchen appliances, consumer safety","Not available on reviewed BIS page","Mandatory — appears on BIS licensing/test-report circular (1870 test reports)","Status correction this session: this edition is superseded, not current — flag any UI/result using it accordingly.","Copyright vests in BIS; do not reproduce/redistribute full text without BIS permission"
"IS 10500:2012","Drinking Water — Specification (Second Revision)","Drinking Water & Water Supply","Water / Environment","Prescribes requirements and methods of sampling and test for drinking water, defining 'Acceptable Limit' and 'Permissible Limit (in absence of alternate source)' for physical, chemical, bacteriological and radiological parameters.","Not available on reviewed BIS page","Second Revision","2012 (first published 1983)","Not available on reviewed BIS page","https://services.bis.gov.in/tmp/Circular_for_PM_IS_10500_hkJ3_2020-10-09.pdf","Official BIS circular referencing the approved Product Manual for IS 10500:2012 (services.bis.gov.in)","drinking water, potable water, water quality, BIS specification","IS 17482:2020 (piped drinking water supply management)","Not mandatory for civic water-supply agencies (per Parliament reply, Mar 2022); used as quality reference / voluntary certification basis","Full scope confirmed","Copyright vests in BIS; do not reproduce/redistribute full text without BIS permission"
"IS 14543:2016","Packaged Drinking Water (Other Than Packaged Natural Mineral Water) — Specification (Second Revision)","Drinking Water & Water Supply","Water / Environment / Food","Covers quality, packaging and labelling requirements for packaged drinking water sold in India, other than packaged natural mineral water (which is separately covered by IS 13428/IS 14543's sibling standard).","Not available on reviewed BIS page","Second Revision","2016","Not available on reviewed BIS page","https://services.bis.gov.in/tmp/Circular_McXI_2024-07-02.pdf","Official BIS circular listing test-report volumes by standard (services.bis.gov.in), confirming exact title and revision.","packaged drinking water, bottled water, food safety","IS 13428 (packaged natural mineral water), IS 15410 (containers for packaged water)","Mandatory — highest test-report volume on the reviewed circular","Confirmed real and current but full scope not yet retrieved","Copyright vests in BIS; do not reproduce/redistribute full text without BIS permission"
"IS 4984:2016","Polyethylene Pipes for Water Supply — Specification (Fifth Revision)","Drinking Water & Water Supply","Water / Environment / Construction","Covers requirements for high-density polyethylene (HDPE) pipes intended for potable water supply, including material, dimensional and pressure-rating requirements; identical/equivalent scope area to ISO 4427.","Not available on reviewed BIS page (sub-group per official classification: 'PE pipes, Fittings and their testing')","Fifth Revision","2016","Not available on reviewed BIS page","https://www.services.bis.gov.in/php/BIS_2.0/bisconnect/knowyourstandards/Indian_standards/isdetails/MTE2OTQ=","BIS official 'Know Your Standard' detail page (services.bis.gov.in) and an official BIS test-report circular (services.bis.gov.in) confirming exact title/revision.","polyethylene pipes, water supply, piping","IS 4985 (UPVC pipes for potable water)","Mandatory — appears on BIS licensing/test-report circular (2028 test reports)","Confirmed real and current but full scope not yet retrieved","Copyright vests in BIS; do not reproduce/redistribute full text without BIS permission"
"IS 4985:2021","Unplasticized PVC Pipes for Potable Water Supplies — Specification (Fourth Revision)","Drinking Water & Water Supply","Water / Environment / Construction","Covers requirements for unplasticized PVC (uPVC) pipes intended for conveying potable water under pressure, including lead-free material composition, dimensions, pressure classes, and physical/mechanical test requirements.","Plastic Piping System Sectional Committee, CED 50","Fourth Revision","2021","Not available on reviewed BIS page","https://services.bis.gov.in/tmp/1733992245.pdf","BIS official standard PDF (services.bis.gov.in, Foreword/Scope confirmed); revision and title cross-checked against an official BIS test-report circular.","UPVC pipes, potable water, piping","IS 4984 (polyethylene pipes for water supply)","Mandatory — appears on BIS licensing/test-report circular (2022 test reports)","Confirmed real and current but full scope not yet retrieved","Copyright vests in BIS; do not reproduce/redistribute full text without BIS permission"
"IS 7224:2006","Iodized Salt, Vacuum Evaporated Iodized Salt and Refined Iodized Salt — Specification (Second Revision)","Food Products & Packaging","Food / Agriculture","Covers requirements for common salt fortified with iodine (iodized salt) intended for human consumption, including vacuum-evaporated and refined iodized salt grades.","Not available on reviewed BIS page","Second Revision","2006","Not available on reviewed BIS page","https://services.bis.gov.in/tmp/Circular_McXI_2024-07-02.pdf","Official BIS circular listing test-report volumes by standard (services.bis.gov.in), confirming exact title and revision.","iodized salt, food specification, salt","Not available on reviewed BIS page","Appears on BIS licensing/test-report circular (174 test reports)","Confirmed real and current but full scope not yet retrieved","Copyright vests in BIS; do not reproduce/redistribute full text without BIS permission"
"IS 15410:2003","Containers for Packaging of Natural Mineral Water and Packaged Drinking Water — Specification","Food Products & Packaging","Food / Water / Packaging","Covers requirements for containers (bottles/jars, typically PET or similar) used to package natural mineral water and packaged drinking water, including material safety, dimensional and performance/leakage-test requirements.","Not available on reviewed BIS page","Not available on reviewed BIS page","2003","Not available on reviewed BIS page","https://services.bis.gov.in/tmp/Circular_McXI_2024-07-02.pdf","Official BIS circular listing test-report volumes by standard (services.bis.gov.in); title cross-checked against an official BIS 'simplified procedure' product list.","packaging, bottles, mineral water, drinking water","IS 14543, IS 13428","Appears on BIS licensing/test-report circular (225 test reports)","Confirmed real and current but full scope not yet retrieved","Copyright vests in BIS; do not reproduce/redistribute full text without BIS permission"
"IS 2830:2012","Carbon Steel Cast Billet Ingots, Billets, Blooms and Slabs for Re-Rolling into Steel for General Structural Purposes — Specification (Third Revision)","Structural & Constructional Steel","Materials / Metals","Covers requirements for cast carbon-steel billet ingots, billets, blooms and slabs intended for re-rolling into finished steel products for general structural purposes.","Not available on reviewed BIS page","Third Revision","2012","Not available on reviewed BIS page","https://services.bis.gov.in/tmp/Circular_McXI_2024-07-02.pdf","Official BIS circular listing test-report volumes by standard (services.bis.gov.in), confirming exact title and revision.","billets, steel casting, re-rolling, structural steel raw material","IS 2062 (finished structural steel)","Appears on BIS licensing/test-report circular (1956 test reports)","Confirmed real and current but full scope not yet retrieved","Copyright vests in BIS; do not reproduce/redistribute full text without BIS permission"
"IS 4905:2015","Random Sampling and Randomization Procedures (First Revision) / ISO 24153:2009","Quality Control, Sampling & Testing Methods","Cross-sector — Testing / Quality Control","Cornerstone standard for random sampling and randomization procedures used across industrial quality control, trade and scientific applications; identical to ISO 24153:2009. Supersedes the original IS 4905:1968.","Statistical Methods for Quality and Reliability Sectional Committee, MSD 03","First Revision (harmonized with ISO 24153:2009)","April 2015","Not available on reviewed BIS page","https://services.bis.gov.in/tmp/1734345518.pdf","Official BIS-hosted standard text (services.bis.gov.in)","random sampling, statistical methods, quality control, ISO 24153","IS 2500 (acceptance sampling plans), IS 7920 (statistical vocabulary)","Referenced methodology standard, used across nearly all product-testing standards","Full scope confirmed","Copyright vests in BIS; do not reproduce/redistribute full text without BIS permission"
"IS 2500 (Part 1):2000","Sampling Procedures for Inspection by Attributes: Part 1 Sampling Schemes Indexed by Acceptance Quality Limit (AQL) for Lot-by-Lot Inspection (Third Revision) / ISO 2859-1:1999","Quality Control, Sampling & Testing Methods","Cross-sector — Testing / Quality Control","Acceptance sampling plans indexed by Acceptable Quality Level (AQL) — specifies how many units to inspect from a lot and the acceptance/rejection criteria; identical to ISO 2859-1:1999.","Statistical Methods for Quality, Data Analytics and Reliability Sectional Committee, MSD 03","Third Revision","2000 (reprinted/reaffirmed Apr 2021)","3 revisions tracked on BIS catalogue","https://www.services.bis.gov.in/php/BIS_2.0/dgdashboard/published/sub_sub_grp_stn_list/578","Official BIS published-standards list page (services.bis.gov.in)","acceptance sampling, AQL, lot inspection, quality control","IS 4905 (random sampling methods)","Referenced methodology standard for manufacturing/construction QC","Full scope confirmed","Copyright vests in BIS; do not reproduce/redistribute full text without BIS permission"
