"standard_number","title","description_or_scope","category","sector","keywords","status","revision_information","amendment_information","official_bis_url","source","notes","embedding_text","metadata_json"
"IS 456:2000","Plain and Reinforced Concrete — Code of Practice (Fourth Revision)","Code of practice covering general structural use of plain and reinforced concrete, including design (working stress and limit state methods), materials, workmanship, inspection and testing.","Construction & Building Materials","Civil Engineering / Construction","concrete, RCC, PCC, structural design, civil engineering, construction","Fourth Revision; reaffirmed 2005","Fourth Revision; reaffirmed 2005","Amendment No. 1 and 2 incorporated (per reprint)","https://standards.bis.gov.in/website/standard-details?encryptedId=eyJpdiI6IkgzT2s2NHV2RWVxREZzbnpqeHBZMHc9PSIsInZhbHVlIjoiWjZObUpKVCs2UmFrVlpCSGI4Q2lsdz09IiwibWFjIjoiYTFmZGUzOGEzZWU0YjhmZTJkMWRhZGQ1YmZkNDA3ZWY4MjUyOTNkYTI4NzY0MDcyZDhhZGE0N2Y1MGVmYWJmMCIsInRhZyI6IiJ9&standardNumber=IS%20456:2000","Official BIS standard text (archived RTI-mirror of BIS-published document; original sold via BIS Standards store at https://www.services.bis.gov.in/php/BIS_2.0/eBIS/)","Full scope confirmed from official standard text","IS 456:2000. Plain and Reinforced Concrete — Code of Practice (Fourth Revision). Code of practice covering general structural use of plain and reinforced concrete, including design (working stress and limit state methods), materials, workmanship, inspection and testing. concrete, RCC, PCC, structural design, civil engineering, construction.","{""sector"": ""Civil Engineering / Construction"", ""department_division"": ""Cement and Concrete Sectional Committee, CED 2"", ""certification_relevance"": ""Referenced design code; not itself a product-certification (ISI mark) standard"", ""source_page"": ""Official BIS standard text (archived RTI-mirror of BIS-published document; original sold via BIS Standards store at https://www.services.bis.gov.in/php/BIS_2.0/eBIS/)"", ""related_standard_information"": ""IS 1786 (reinforcement bars), IS 383 (aggregates), IS 269 (cement), IS 13920 (seismic detailing)""}"
"IS 2062:2011","Hot Rolled Medium and High Tensile Structural Steel — Specification (Seventh Revision)","Covers requirements of steel including micro-alloyed steel plates, strips, shapes, sections (angles, tees, beams, channels), flats and bars for structural work suitable for welded, bolted and riveted structures.","Structural & Constructional Steel","Mechanical / Industrial Equipment / Construction Materials","structural steel, hot rolled, E250, E350, beams, angles, welding","Seventh Revision. Note: BIS circular (16 Apr 2026) indicates IS 2062 is being split into Part 1 (hot rolled medium/high tensile) and Part 2 (quenched & tempered); IS 2062:2011 stands withdrawn after implementation of IS 2062(Part 1):2025","Seventh Revision. Note: BIS circular (16 Apr 2026) indicates IS 2062 is being split into Part 1 (hot rolled medium/high tensile) and Part 2 (quenched & tempered); IS 2062:2011 stands withdrawn after implementation of IS 2062(Part 1):2025","Multiple amendments; see BIS circular dated 2026-04-16 for revision/split status","https://services.bis.gov.in/tmp/SR2062.pdf","Official BIS-hosted standard text (services.bis.gov.in)","Under active revision as of 2026 — confirm current part/status before use","IS 2062:2011. Hot Rolled Medium and High Tensile Structural Steel — Specification (Seventh Revision). Covers requirements of steel including micro-alloyed steel plates, strips, shapes, sections (angles, tees, beams, channels), flats and bars for structural work suitable for welded, bolted and riveted structures. structural steel, hot rolled, E250, E350, beams, angles, welding.","{""sector"": ""Mechanical / Industrial Equipment / Construction Materials"", ""department_division"": ""Wrought Steel Products Sectional Committee, MTD 04"", ""certification_relevance"": ""Mandatory BIS (ISI mark) certification under Ministry of Steel QCO"", ""source_page"": ""Official BIS-hosted standard text (services.bis.gov.in)"", ""related_standard_information"": ""IS 800 (general construction using steel), IS 9595 (welding)""}"
"IS 1786:2008","High Strength Deformed Steel Bars and Wires for Concrete Reinforcement — Specification (Fourth Revision)","Covers requirements of deformed steel bars and wires (TMT bars) used as reinforcement in concrete, in strength grades Fe415/Fe500/Fe500D/Fe550/Fe550D/Fe600.","Structural & Constructional Steel","Construction Materials","TMT bars, rebar, reinforcement, Fe415, Fe500, concrete","Fourth Revision","Fourth Revision","3 amendments (per BIS Product Manual PM/IS 1786/2/May 2019)","https://bis.gov.in/wp-content/uploads/2019/05/IS-1786-Product-Manual-Revision-2-.pdf","Official BIS Product Manual (bis.gov.in)","Full scope confirmed","IS 1786:2008. High Strength Deformed Steel Bars and Wires for Concrete Reinforcement — Specification (Fourth Revision). Covers requirements of deformed steel bars and wires (TMT bars) used as reinforcement in concrete, in strength grades Fe415/Fe500/Fe500D/Fe550/Fe550D/Fe600. TMT bars, rebar, reinforcement, Fe415, Fe500, concrete.","{""sector"": ""Construction Materials"", ""department_division"": ""Concrete Reinforcement Sectional Committee, CED 54"", ""certification_relevance"": ""Mandatory BIS (ISI mark) certification under Ministry of Steel QCO"", ""source_page"": ""Official BIS Product Manual (bis.gov.in)"", ""related_standard_information"": ""IS 456 (concrete code), IS 1139 (superseded predecessor)""}"
"IS 269:2015","Ordinary Portland Cement — Specification (Fifth Revision)","Covers manufacture and chemical/physical requirements of Ordinary Portland Cement, consolidating grades 33, 43 and 53 (previously separate IS 269, IS 8112, IS 12269) plus sleeper-grade cement for railway concrete sleepers.","Construction & Building Materials","Construction Materials","cement, OPC, 33 grade, 43 grade, 53 grade, construction","Fifth Revision | Reviewed in 2020; Mandatory Certification (confirmed on official page). Ministry: Housing and Urban Affairs / DPIIT.","Fifth Revision","1 amendment confirmed on the official BIS detail page (Amendment No. 1, implementation deadline 17 Feb 2024, per BIS circular CMD-III/16:IS 269, 30 Oct 2023).","https://services.bis.gov.in/php/BIS_2.0/bisconnect/standard_review/Standard_review/Isdetails?ID=MTEx","BIS official 'Standard Review' detail page (services.bis.gov.in) — replaces a prior third-party (alephindia.in) URL that was flagged as non-official.","Title and core scope confirmed from multiple independent sources; not sourced directly from a bis.gov.in/services.bis.gov.in page | URL corrected this session — now points to the official BIS Standard Review page instead of a third-party summary.","IS 269:2015. Ordinary Portland Cement — Specification (Fifth Revision). Covers manufacture and chemical/physical requirements of Ordinary Portland Cement, consolidating grades 33, 43 and 53 (previously separate IS 269, IS 8112, IS 12269) plus sleeper-grade cement for railway concrete sleepers. Keywords: cement, OPC, 33 grade, 43 grade, 53 grade, construction.","{""sector"": ""Construction Materials"", ""department_division"": ""Cement and Concrete Sectional Committee, CED 2"", ""certification_relevance"": ""Mandatory BIS (ISI mark) certification"", ""source_page"": ""Third-party BIS-certification consultancy summary (title/scope cross-checked against Scribd-hosted excerpt of the official standard foreword)"", ""related_standard_information"": ""IS 456 (concrete code), IS 4031 (cement test methods), IS 8112, IS 12269 (older grade-specific standards)""}"
"IS 4990:2011","Plywood for Concrete Shuttering Works — Specification (Third Revision)","Covers the requirements of plywood for concrete shuttering and form work (formwork plywood reused across multiple concrete pours in RCC construction).","Construction & Building Materials","Construction Materials","plywood, shuttering, formwork, concrete construction","Third Revision | WITHDRAWN — superseded by IS 4990:2024 (Fourth Revision). Implementation deadline for the new standard was 26 Dec 2024, after which IS 4990:2011 stood withdrawn, per an official BIS circular.","Third Revision","NULL","https://www.services.bis.gov.in/php/BIS_2.0/bisconnect/knowyourstandards/Indian_standards/isdetails/MTE3MDU=","BIS official 'Know Your Standard' detail page (services.bis.gov.in); scope clause cross-checked against the standard's own foreword/scope text.","Confirmed real and current (appears on official BIS circular) but scope/description not yet retrieved — requires opening full standard text before use in UI copy | Status correction this session: this edition is withdrawn, not current — flag any UI/result using it accordingly.","IS 4990:2011. Plywood for Concrete Shuttering Works — Specification (Third Revision). Covers the requirements of plywood for concrete shuttering and form work (formwork plywood reused across multiple concrete pours in RCC construction). Keywords: plywood, shuttering, formwork, concrete construction.","{""sector"": ""Construction Materials"", ""department_division"": ""Wood and Other Lignocellulosic Products Sectional Committee, CED 20"", ""certification_relevance"": ""Mandatory — appears on BIS licensing/test-report circular"", ""source_page"": ""Official BIS circular (services.bis.gov.in) — table of standards with BIS-issued test report counts"", ""related_standard_information"": null}"
"IS 302 (Part 1):2024","Household and Similar Electrical Appliances — Safety Part 1: General Requirements (Seventh Revision) / IEC 60335-1:2020","General safety requirements and constructional details for household and similar electrical appliances (voltage not exceeding 250V single-phase / 480V other), covering electrical and mechanical construction aspects affecting safety, durability and reliability.","Electrical Appliances & Household Safety","Electrical / Electronics / Consumer Products","household appliances, electrical safety, IEC 60335, general requirements","Seventh Revision; running concurrently with IS 302(Part1):2008 until 23 Feb 2026","Seventh Revision; running concurrently with IS 302(Part1):2008 until 23 Feb 2026","Nil, as of product manual dated July 2025","https://www.bis.gov.in/wp-content/uploads/2025/07/approved-IS-302-1-PM.pdf","Official BIS Product Manual (bis.gov.in)","Full scope confirmed","IS 302 (Part 1):2024. Household and Similar Electrical Appliances — Safety Part 1: General Requirements (Seventh Revision) / IEC 60335-1:2020. General safety requirements and constructional details for household and similar electrical appliances (voltage not exceeding 250V single-phase / 480V other), covering electrical and mechanical construction aspects affecting safety, durability and reliability. household appliances, electrical safety, IEC 60335, general requirements.","{""sector"": ""Electrical / Electronics / Consumer Products"", ""department_division"": ""Electrotechnical Department"", ""certification_relevance"": ""Mandatory under Safety of Household, Commercial and Similar Electrical Appliances (Quality Control) Order, 2024"", ""source_page"": ""Official BIS Product Manual (bis.gov.in)"", ""related_standard_information"": ""IS 302 (Part 2, various sections — appliance-specific), IEC 60335-1:2020""}"
"IS 16102 (Part 1):2012","Self-Ballasted LED Lamps for General Lighting Services: Part 1 Safety Requirements","Safety requirements for self-ballasted LED lamps intended for general lighting services on supplies up to 250V.","Lighting & LED Products","Electrical / Electronics / Consumer Products","LED, lamps, lighting, safety, self-ballasted","Original 2012 edition; First Revision published as IS 16102(Part1):2026","Original 2012 edition; First Revision published as IS 16102(Part1):2026","3 amendments to the 2012 edition","https://services.bis.gov.in/php/BIS_2.0/bisconnect/knowyourstandards/Indian_standards/isdetails/MjE0NTE=","Official BIS 'Know Your Standard' catalogue page (services.bis.gov.in)","Full scope confirmed; note 2026 revised edition supersedes the 2012 edition — verify current status before certification use","IS 16102 (Part 1):2012. Self-Ballasted LED Lamps for General Lighting Services: Part 1 Safety Requirements. Safety requirements for self-ballasted LED lamps intended for general lighting services on supplies up to 250V. LED, lamps, lighting, safety, self-ballasted.","{""sector"": ""Electrical / Electronics / Consumer Products"", ""department_division"": ""Lamps and Related Equipments Committee, ETD 23"", ""certification_relevance"": ""Product-specification standard under BIS certification scheme for LED lamps"", ""source_page"": ""Official BIS 'Know Your Standard' catalogue page (services.bis.gov.in)"", ""related_standard_information"": ""IS 16101 (LED terms/definitions), IS 16103 (LED modules), IS 16108 (photobiological safety)""}"
"IS 4722:2001","Rotating Electrical Machines — Specification","Identical under dual numbering with the 1988-era IEC 60034-3 'Specific requirements for turbine-type synchronous machines' — applies to large three-phase turbine-type synchronous machines (generators) with rated outputs of 10 MVA and above.","Electrical Machines & Cables","Electrical / Industrial Equipment","rotating electrical machines, motors, generators, IEC 60034","Likely superseded: the current IEC 60034-3 content area (synchronous generators driven by steam/gas turbines) appears to now be carried under IS 15999 (Part 3):2023, which is 'Identical under dual numbering' with the current IEC 60034-3:2020 — confirm directly with BIS/Babar's team before treating IS 4722:2001 as the live standard.","NULL","NULL","https://services.bis.gov.in/php/BIS_2.0/bisconnect/knowyourstandards/Indian_standards/isdetails_mnd/5966","BIS official 'Know Your Standard' cross-reference page (services.bis.gov.in) confirming title and IEC correspondence; scope text taken from the corresponding IEC 60034-3 edition abstract (IS-side scope clause itself not independently re-verified this session).","Needs direct standard-detail lookup (search by number on Know Your Standard) to confirm full scope before use | Scope is inferred from the identical IEC edition, not confirmed against the Indian Standard's own scope clause text — weaker sourcing than most other rows; flagged for follow-up.","IS 4722:2001. Rotating Electrical Machines — Specification. Identical under dual numbering with the 1988-era IEC 60034-3 'Specific requirements for turbine-type synchronous machines' — applies to large three-phase turbine-type synchronous machines (generators) with rated outputs of 10 MVA and above. Keywords: rotating electrical machines, motors, generators, IEC 60034.","{""sector"": ""Electrical / Industrial Equipment"", ""department_division"": ""Rotating Machinery Sectional Committee, ETD 15"", ""certification_relevance"": ""Not available on reviewed BIS page"", ""source_page"": ""Official BIS 'Know Your Standard' catalogue page (services.bis.gov.in) — seen as a cross-referenced standard"", ""related_standard_information"": ""IEC 60034-03; related to IS 12615, IS 996 (induction motors)""}"
"IS 13252 (Part 1):2010","Information Technology Equipment — Safety Part 1: General Requirements (Second Revision) / IEC 60950-1:2005","Safety requirements for IT equipment (servers, workstations, laptops, networking devices, storage systems, peripherals) operating on voltages up to 600V, covering electric shock, fire and mechanical hazards.","IT & Electronics Equipment Safety","Electronics / Information Technology","IT equipment, laptops, servers, electrical safety, IEC 60950","Second Revision","Second Revision","2 amendments","https://www.services.bis.gov.in/php/BIS_2.0/bisconnect/knowyourstandards/Indian_standards/isdetails/MzQ4","Official BIS 'Know Your Standard' catalogue page (services.bis.gov.in)","Full scope confirmed","IS 13252 (Part 1):2010. Information Technology Equipment — Safety Part 1: General Requirements (Second Revision) / IEC 60950-1:2005. Safety requirements for IT equipment (servers, workstations, laptops, networking devices, storage systems, peripherals) operating on voltages up to 600V, covering electric shock, fire and mechanical hazards. IT equipment, laptops, servers, electrical safety, IEC 60950.","{""sector"": ""Electronics / Information Technology"", ""department_division"": ""Electronics and Information Technology Department, LITD 7"", ""certification_relevance"": ""Mandatory under MeitY Quality Control Order for notified IT equipment"", ""source_page"": ""Official BIS 'Know Your Standard' catalogue page (services.bis.gov.in)"", ""related_standard_information"": ""IS 616 (audio/video equipment safety), IS/IEC 62368-1 (newer convergent safety standard)""}"
"IS 694:2010","Polyvinyl Chloride Insulated (Unsheathed and Sheathed) Cables/Cords with Rigid and Flexible Conductor for Rated Voltages up to and including 1100 V (Fourth Revision)","General requirements for single and multicore cables/cords with rigid or flexible annealed bare/tinned copper or aluminium conductors, PVC insulated (with or without sheath), for rated voltages up to and including 1100 V — used for internal wiring and household/industrial low-voltage applications.","Electrical Machines & Cables","Electrical / Construction","PVC cables, wiring, insulated cables, electrical installation","Fourth Revision","Fourth Revision","NULL","https://www.services.bis.gov.in/tmp/compendium_2025-06-02-05-09-22.pdf","Official BIS 'Power Cables' standards compendium (services.bis.gov.in); title corrected to match the exact official title confirmed via an official BIS test-report circular this session.","Confirmed real and current but full scope not yet retrieved | Title corrected this session — the original row used a shortened/paraphrased title; this is the standard's exact published title.","IS 694:2010. Polyvinyl Chloride Insulated (Unsheathed and Sheathed) Cables/Cords with Rigid and Flexible Conductor for Rated Voltages up to and including 1100 V (Fourth Revision). General requirements for single and multicore cables/cords with rigid or flexible annealed bare/tinned copper or aluminium conductors, PVC insulated (with or without sheath), for rated voltages up to and including 1100 V — used for internal wiring and household/industrial low-voltage applications. Keywords: PVC cables, wiring, insulated cables, electrical installation.","{""sector"": ""Electrical / Construction"", ""department_division"": null, ""certification_relevance"": ""Mandatory — appears on BIS licensing/test-report circular (one of the most-tested standards, 3058 reports)"", ""source_page"": ""Official BIS circular (services.bis.gov.in) — table of standards with BIS-issued test report counts"", ""related_standard_information"": ""IS 732 (electrical wiring code)""}"
"IS 9873 (Part 1):2019","Safety of Toys — Part 1: Safety Aspects Related to Mechanical and Physical Properties (Fourth Revision) / ISO 8124-1:2018","Requirements and test methods for toys intended for use by children from birth to 14 years, covering structural characteristics (shape, size, contour, spacing) and toy-category-specific safety criteria.","Toys & Children's Product Safety","Consumer Products / Safety","toys, child safety, mechanical safety, ISO 8124","Fourth Revision (identical to ISO 8124-1:2018)","Fourth Revision (identical to ISO 8124-1:2018)","NULL","https://services.bis.gov.in/tmp/Circular_McXI_2024-07-02.pdf","Official BIS circular (services.bis.gov.in), confirming title and current mandatory status (4180 test reports issued)","Full scope confirmed","IS 9873 (Part 1):2019. Safety of Toys — Part 1: Safety Aspects Related to Mechanical and Physical Properties (Fourth Revision) / ISO 8124-1:2018. Requirements and test methods for toys intended for use by children from birth to 14 years, covering structural characteristics (shape, size, contour, spacing) and toy-category-specific safety criteria. toys, child safety, mechanical safety, ISO 8124.","{""sector"": ""Consumer Products / Safety"", ""department_division"": ""Toys and Related Test Methods Sectional Committee, PCD 30"", ""certification_relevance"": ""Mandatory BIS certification for toys"", ""source_page"": ""Official BIS circular (services.bis.gov.in), confirming title and current mandatory status (4180 test reports issued)"", ""related_standard_information"": ""IS 9873 Part 2 (flammability), Part 3 (migration of elements), Part 4 (activity toys), IS 15644 (electric toys)""}"
"IS 15298 (Part 2):2024","Personal Protective Equipment Part 2: Safety Footwear (Third Revision) / ISO 20345:2021, MOD","Specification for safety footwear providing toe protection and other protective features, modified/technically equivalent to ISO 20345:2021.","Personal Protective Equipment (PPE)","Consumer Products / Industrial Safety","PPE, safety footwear, ISO 20345, industrial safety","Third Revision (supersedes IS 15298 Part 2:2016)","Third Revision (supersedes IS 15298 Part 2:2016)","NULL","https://services.bis.gov.in/php/BIS_2.0/bisconnect/knowyourstandards/Indian_standards/isdetails/MzE1NzM=","Official BIS 'Know Your Standard' catalogue page (services.bis.gov.in)","Full scope confirmed","IS 15298 (Part 2):2024. Personal Protective Equipment Part 2: Safety Footwear (Third Revision) / ISO 20345:2021, MOD. Specification for safety footwear providing toe protection and other protective features, modified/technically equivalent to ISO 20345:2021. PPE, safety footwear, ISO 20345, industrial safety.","{""sector"": ""Consumer Products / Industrial Safety"", ""department_division"": ""Committee CHD 19 (Leather and Leather Products)"", ""certification_relevance"": ""Mandatory Certification (per predecessor IS 15298 Part2:2016 listing)"", ""source_page"": ""Official BIS 'Know Your Standard' catalogue page (services.bis.gov.in)"", ""related_standard_information"": ""IS 15298 Part 1 (footwear test methods), Part 3 (protective footwear), Part 4 (occupational footwear)""}"
"IS 2347:2017","Domestic Pressure Cooker — Specification (Sixth Revision)","Covers requirements for domestic pressure cookers of nominal capacity up to 24 litres, including aluminium, stainless steel, hard-anodized, induction-compatible, composite-bottom and 3-ply type cookers.","Household & Domestic Appliances","Consumer Products","pressure cooker, kitchen appliances, consumer safety","Sixth Revision | REVISED — IS 2347:2017 has been superseded by IS 2347:2023 (Seventh Revision). Implementation deadline for the revised standard was 28 March 2024, per an official BIS circular. Treat IS 2347:2017 as historical unless the team specifically needs the older edition.","Sixth Revision","NULL","https://services.bis.gov.in/php/BIS_2.0/bisconnect/get_is_list_by_category_id/4","BIS official product-category listing (services.bis.gov.in); scope clause cross-checked against the standard's own official text.","Confirmed real and current but full scope not yet retrieved | Status correction this session: this edition is superseded, not current — flag any UI/result using it accordingly.","IS 2347:2017. Domestic Pressure Cooker — Specification (Sixth Revision). Covers requirements for domestic pressure cookers of nominal capacity up to 24 litres, including aluminium, stainless steel, hard-anodized, induction-compatible, composite-bottom and 3-ply type cookers. Keywords: pressure cooker, kitchen appliances, consumer safety.","{""sector"": ""Consumer Products"", ""department_division"": ""Utensils, Cutlery and Domestic Hardware Sectional Committee, MED 33"", ""certification_relevance"": ""Mandatory — appears on BIS licensing/test-report circular (1870 test reports)"", ""source_page"": ""Official BIS circular (services.bis.gov.in) — table of standards with BIS-issued test report counts"", ""related_standard_information"": null}"
"IS 10500:2012","Drinking Water — Specification (Second Revision)","Prescribes requirements and methods of sampling and test for drinking water, defining 'Acceptable Limit' and 'Permissible Limit (in absence of alternate source)' for physical, chemical, bacteriological and radiological parameters.","Drinking Water & Water Supply","Water / Environment","drinking water, potable water, water quality, BIS specification","Second Revision","Second Revision","NULL","https://services.bis.gov.in/tmp/Circular_for_PM_IS_10500_hkJ3_2020-10-09.pdf","Official BIS circular referencing the approved Product Manual for IS 10500:2012 (services.bis.gov.in)","Full scope confirmed","IS 10500:2012. Drinking Water — Specification (Second Revision). Prescribes requirements and methods of sampling and test for drinking water, defining 'Acceptable Limit' and 'Permissible Limit (in absence of alternate source)' for physical, chemical, bacteriological and radiological parameters. drinking water, potable water, water quality, BIS specification.","{""sector"": ""Water / Environment"", ""department_division"": null, ""certification_relevance"": ""Not mandatory for civic water-supply agencies (per Parliament reply, Mar 2022); used as quality reference / voluntary certification basis"", ""source_page"": ""Official BIS circular referencing the approved Product Manual for IS 10500:2012 (services.bis.gov.in)"", ""related_standard_information"": ""IS 17482:2020 (piped drinking water supply management)""}"
"IS 14543:2016","Packaged Drinking Water (Other Than Packaged Natural Mineral Water) — Specification (Second Revision)","Covers quality, packaging and labelling requirements for packaged drinking water sold in India, other than packaged natural mineral water (which is separately covered by IS 13428/IS 14543's sibling standard).","Drinking Water & Water Supply","Water / Environment / Food","packaged drinking water, bottled water, food safety","Second Revision","Second Revision","NULL","https://services.bis.gov.in/tmp/Circular_McXI_2024-07-02.pdf","Official BIS circular listing test-report volumes by standard (services.bis.gov.in), confirming exact title and revision.","Confirmed real and current but full scope not yet retrieved","IS 14543:2016. Packaged Drinking Water (Other Than Packaged Natural Mineral Water) — Specification (Second Revision). Covers quality, packaging and labelling requirements for packaged drinking water sold in India, other than packaged natural mineral water (which is separately covered by IS 13428/IS 14543's sibling standard). Keywords: packaged drinking water, bottled water, food safety.","{""sector"": ""Water / Environment / Food"", ""department_division"": null, ""certification_relevance"": ""Mandatory — highest test-report volume on the reviewed circular"", ""source_page"": ""Official BIS circular (services.bis.gov.in) — table of standards with BIS-issued test report counts"", ""related_standard_information"": ""IS 13428 (packaged natural mineral water), IS 15410 (containers for packaged water)""}"
"IS 4984:2016","Polyethylene Pipes for Water Supply — Specification (Fifth Revision)","Covers requirements for high-density polyethylene (HDPE) pipes intended for potable water supply, including material, dimensional and pressure-rating requirements; identical/equivalent scope area to ISO 4427.","Drinking Water & Water Supply","Water / Environment / Construction","polyethylene pipes, water supply, piping","Fifth Revision","Fifth Revision","NULL","https://www.services.bis.gov.in/php/BIS_2.0/bisconnect/knowyourstandards/Indian_standards/isdetails/MTE2OTQ=","BIS official 'Know Your Standard' detail page (services.bis.gov.in) and an official BIS test-report circular (services.bis.gov.in) confirming exact title/revision.","Confirmed real and current but full scope not yet retrieved","IS 4984:2016. Polyethylene Pipes for Water Supply — Specification (Fifth Revision). Covers requirements for high-density polyethylene (HDPE) pipes intended for potable water supply, including material, dimensional and pressure-rating requirements; identical/equivalent scope area to ISO 4427. Keywords: polyethylene pipes, water supply, piping.","{""sector"": ""Water / Environment / Construction"", ""department_division"": ""Not available on reviewed BIS page (sub-group per official classification: 'PE pipes, Fittings and their testing')"", ""certification_relevance"": ""Mandatory — appears on BIS licensing/test-report circular (2028 test reports)"", ""source_page"": ""Official BIS circular (services.bis.gov.in) — table of standards with BIS-issued test report counts"", ""related_standard_information"": ""IS 4985 (UPVC pipes for potable water)""}"
"IS 4985:2021","Unplasticized PVC Pipes for Potable Water Supplies — Specification (Fourth Revision)","Covers requirements for unplasticized PVC (uPVC) pipes intended for conveying potable water under pressure, including lead-free material composition, dimensions, pressure classes, and physical/mechanical test requirements.","Drinking Water & Water Supply","Water / Environment / Construction","UPVC pipes, potable water, piping","Fourth Revision","Fourth Revision","NULL","https://services.bis.gov.in/tmp/1733992245.pdf","BIS official standard PDF (services.bis.gov.in, Foreword/Scope confirmed); revision and title cross-checked against an official BIS test-report circular.","Confirmed real and current but full scope not yet retrieved","IS 4985:2021. Unplasticized PVC Pipes for Potable Water Supplies — Specification (Fourth Revision). Covers requirements for unplasticized PVC (uPVC) pipes intended for conveying potable water under pressure, including lead-free material composition, dimensions, pressure classes, and physical/mechanical test requirements. Keywords: UPVC pipes, potable water, piping.","{""sector"": ""Water / Environment / Construction"", ""department_division"": ""Plastic Piping System Sectional Committee, CED 50"", ""certification_relevance"": ""Mandatory — appears on BIS licensing/test-report circular (2022 test reports)"", ""source_page"": ""Official BIS circular (services.bis.gov.in) — table of standards with BIS-issued test report counts"", ""related_standard_information"": ""IS 4984 (polyethylene pipes for water supply)""}"
"IS 7224:2006","Iodized Salt, Vacuum Evaporated Iodized Salt and Refined Iodized Salt — Specification (Second Revision)","Covers requirements for common salt fortified with iodine (iodized salt) intended for human consumption, including vacuum-evaporated and refined iodized salt grades.","Food Products & Packaging","Food / Agriculture","iodized salt, food specification, salt","Second Revision","Second Revision","NULL","https://services.bis.gov.in/tmp/Circular_McXI_2024-07-02.pdf","Official BIS circular listing test-report volumes by standard (services.bis.gov.in), confirming exact title and revision.","Confirmed real and current but full scope not yet retrieved","IS 7224:2006. Iodized Salt, Vacuum Evaporated Iodized Salt and Refined Iodized Salt — Specification (Second Revision). Covers requirements for common salt fortified with iodine (iodized salt) intended for human consumption, including vacuum-evaporated and refined iodized salt grades. Keywords: iodized salt, food specification, salt.","{""sector"": ""Food / Agriculture"", ""department_division"": null, ""certification_relevance"": ""Appears on BIS licensing/test-report circular (174 test reports)"", ""source_page"": ""Official BIS circular (services.bis.gov.in) — table of standards with BIS-issued test report counts"", ""related_standard_information"": null}"
"IS 15410:2003","Containers for Packaging of Natural Mineral Water and Packaged Drinking Water — Specification","Covers requirements for containers (bottles/jars, typically PET or similar) used to package natural mineral water and packaged drinking water, including material safety, dimensional and performance/leakage-test requirements.","Food Products & Packaging","Food / Water / Packaging","packaging, bottles, mineral water, drinking water","NULL","NULL","NULL","https://services.bis.gov.in/tmp/Circular_McXI_2024-07-02.pdf","Official BIS circular listing test-report volumes by standard (services.bis.gov.in); title cross-checked against an official BIS 'simplified procedure' product list.","Confirmed real and current but full scope not yet retrieved","IS 15410:2003. Containers for Packaging of Natural Mineral Water and Packaged Drinking Water — Specification. Covers requirements for containers (bottles/jars, typically PET or similar) used to package natural mineral water and packaged drinking water, including material safety, dimensional and performance/leakage-test requirements. Keywords: packaging, bottles, mineral water, drinking water.","{""sector"": ""Food / Water / Packaging"", ""department_division"": null, ""certification_relevance"": ""Appears on BIS licensing/test-report circular (225 test reports)"", ""source_page"": ""Official BIS circular (services.bis.gov.in) — table of standards with BIS-issued test report counts"", ""related_standard_information"": ""IS 14543, IS 13428""}"
"IS 2830:2012","Carbon Steel Cast Billet Ingots, Billets, Blooms and Slabs for Re-Rolling into Steel for General Structural Purposes — Specification (Third Revision)","Covers requirements for cast carbon-steel billet ingots, billets, blooms and slabs intended for re-rolling into finished steel products for general structural purposes.","Structural & Constructional Steel","Materials / Metals","billets, steel casting, re-rolling, structural steel raw material","Third Revision","Third Revision","NULL","https://services.bis.gov.in/tmp/Circular_McXI_2024-07-02.pdf","Official BIS circular listing test-report volumes by standard (services.bis.gov.in), confirming exact title and revision.","Confirmed real and current but full scope not yet retrieved","IS 2830:2012. Carbon Steel Cast Billet Ingots, Billets, Blooms and Slabs for Re-Rolling into Steel for General Structural Purposes — Specification (Third Revision). Covers requirements for cast carbon-steel billet ingots, billets, blooms and slabs intended for re-rolling into finished steel products for general structural purposes. Keywords: billets, steel casting, re-rolling, structural steel raw material.","{""sector"": ""Materials / Metals"", ""department_division"": null, ""certification_relevance"": ""Appears on BIS licensing/test-report circular (1956 test reports)"", ""source_page"": ""Official BIS circular (services.bis.gov.in) — table of standards with BIS-issued test report counts"", ""related_standard_information"": ""IS 2062 (finished structural steel)""}"
"IS 4905:2015","Random Sampling and Randomization Procedures (First Revision) / ISO 24153:2009","Cornerstone standard for random sampling and randomization procedures used across industrial quality control, trade and scientific applications; identical to ISO 24153:2009. Supersedes the original IS 4905:1968.","Quality Control, Sampling & Testing Methods","Cross-sector — Testing / Quality Control","random sampling, statistical methods, quality control, ISO 24153","First Revision (harmonized with ISO 24153:2009)","First Revision (harmonized with ISO 24153:2009)","NULL","https://services.bis.gov.in/tmp/1734345518.pdf","Official BIS-hosted standard text (services.bis.gov.in)","Full scope confirmed","IS 4905:2015. Random Sampling and Randomization Procedures (First Revision) / ISO 24153:2009. Cornerstone standard for random sampling and randomization procedures used across industrial quality control, trade and scientific applications; identical to ISO 24153:2009. Supersedes the original IS 4905:1968. random sampling, statistical methods, quality control, ISO 24153.","{""sector"": ""Cross-sector — Testing / Quality Control"", ""department_division"": ""Statistical Methods for Quality and Reliability Sectional Committee, MSD 03"", ""certification_relevance"": ""Referenced methodology standard, used across nearly all product-testing standards"", ""source_page"": ""Official BIS-hosted standard text (services.bis.gov.in)"", ""related_standard_information"": ""IS 2500 (acceptance sampling plans), IS 7920 (statistical vocabulary)""}"
"IS 2500 (Part 1):2000","Sampling Procedures for Inspection by Attributes: Part 1 Sampling Schemes Indexed by Acceptance Quality Limit (AQL) for Lot-by-Lot Inspection (Third Revision) / ISO 2859-1:1999","Acceptance sampling plans indexed by Acceptable Quality Level (AQL) — specifies how many units to inspect from a lot and the acceptance/rejection criteria; identical to ISO 2859-1:1999.","Quality Control, Sampling & Testing Methods","Cross-sector — Testing / Quality Control","acceptance sampling, AQL, lot inspection, quality control","Third Revision","Third Revision","3 revisions tracked on BIS catalogue","https://www.services.bis.gov.in/php/BIS_2.0/dgdashboard/published/sub_sub_grp_stn_list/578","Official BIS published-standards list page (services.bis.gov.in)","Full scope confirmed","IS 2500 (Part 1):2000. Sampling Procedures for Inspection by Attributes: Part 1 Sampling Schemes Indexed by Acceptance Quality Limit (AQL) for Lot-by-Lot Inspection (Third Revision) / ISO 2859-1:1999. Acceptance sampling plans indexed by Acceptable Quality Level (AQL) — specifies how many units to inspect from a lot and the acceptance/rejection criteria; identical to ISO 2859-1:1999. acceptance sampling, AQL, lot inspection, quality control.","{""sector"": ""Cross-sector — Testing / Quality Control"", ""department_division"": ""Statistical Methods for Quality, Data Analytics and Reliability Sectional Committee, MSD 03"", ""certification_relevance"": ""Referenced methodology standard for manufacturing/construction QC"", ""source_page"": ""Official BIS published-standards list page (services.bis.gov.in)"", ""related_standard_information"": ""IS 4905 (random sampling methods)""}"
