"standard_id","title","scope","department","category","status","year","official_url"
"IS 456:2000","Plain and Reinforced Concrete — Code of Practice (Fourth Revision)","Code of practice covering general structural use of plain and reinforced concrete, including design (working stress and limit state methods), materials, workmanship, inspection and testing.","Cement and Concrete Sectional Committee, CED 2","Construction & Building Materials","Fourth Revision; reaffirmed 2005","2000","https://standards.bis.gov.in/website/standard-details?encryptedId=eyJpdiI6IkgzT2s2NHV2RWVxREZzbnpqeHBZMHc9PSIsInZhbHVlIjoiWjZObUpKVCs2UmFrVlpCSGI4Q2lsdz09IiwibWFjIjoiYTFmZGUzOGEzZWU0YjhmZTJkMWRhZGQ1YmZkNDA3ZWY4MjUyOTNkYTI4NzY0MDcyZDhhZGE0N2Y1MGVmYWJmMCIsInRhZyI6IiJ9&standardNumber=IS%20456:2000"
"IS 2062:2011","Hot Rolled Medium and High Tensile Structural Steel — Specification (Seventh Revision)","Covers requirements of steel including micro-alloyed steel plates, strips, shapes, sections (angles, tees, beams, channels), flats and bars for structural work suitable for welded, bolted and riveted structures.","Wrought Steel Products Sectional Committee, MTD 04","Structural & Constructional Steel","Seventh Revision. Note: BIS circular (16 Apr 2026) indicates IS 2062 is being split into Part 1 (hot rolled medium/high tensile) and Part 2 (quenched & tempered); IS 2062:2011 stands withdrawn after implementation of IS 2062(Part 1):2025","2011","https://services.bis.gov.in/tmp/SR2062.pdf"
"IS 1786:2008","High Strength Deformed Steel Bars and Wires for Concrete Reinforcement — Specification (Fourth Revision)","Covers requirements of deformed steel bars and wires (TMT bars) used as reinforcement in concrete, in strength grades Fe415/Fe500/Fe500D/Fe550/Fe550D/Fe600.","Concrete Reinforcement Sectional Committee, CED 54","Structural & Constructional Steel","Fourth Revision","2008","https://bis.gov.in/wp-content/uploads/2019/05/IS-1786-Product-Manual-Revision-2-.pdf"
"IS 269:2015","Ordinary Portland Cement — Specification (Fifth Revision)","Covers manufacture and chemical/physical requirements of Ordinary Portland Cement, consolidating grades 33, 43 and 53 (previously separate IS 269, IS 8112, IS 12269) plus sleeper-grade cement for railway concrete sleepers.","Cement and Concrete Sectional Committee, CED 2","Construction & Building Materials","Fifth Revision | Reviewed in 2020; Mandatory Certification (confirmed on official page). Ministry: Housing and Urban Affairs / DPIIT.","2015","https://services.bis.gov.in/php/BIS_2.0/bisconnect/standard_review/Standard_review/Isdetails?ID=MTEx"
"IS 4990:2011","Plywood for Concrete Shuttering Works — Specification (Third Revision)","Covers the requirements of plywood for concrete shuttering and form work (formwork plywood reused across multiple concrete pours in RCC construction).","Wood and Other Lignocellulosic Products Sectional Committee, CED 20","Construction & Building Materials","Third Revision | WITHDRAWN — superseded by IS 4990:2024 (Fourth Revision). Implementation deadline for the new standard was 26 Dec 2024, after which IS 4990:2011 stood withdrawn, per an official BIS circular.","2011","https://www.services.bis.gov.in/php/BIS_2.0/bisconnect/knowyourstandards/Indian_standards/isdetails/MTE3MDU="
"IS 302 (Part 1):2024","Household and Similar Electrical Appliances — Safety Part 1: General Requirements (Seventh Revision) / IEC 60335-1:2020","General safety requirements and constructional details for household and similar electrical appliances (voltage not exceeding 250V single-phase / 480V other), covering electrical and mechanical construction aspects affecting safety, durability and reliability.","Electrotechnical Department","Electrical Appliances & Household Safety","Seventh Revision; running concurrently with IS 302(Part1):2008 until 23 Feb 2026","2024","https://www.bis.gov.in/wp-content/uploads/2025/07/approved-IS-302-1-PM.pdf"
"IS 16102 (Part 1):2012","Self-Ballasted LED Lamps for General Lighting Services: Part 1 Safety Requirements","Safety requirements for self-ballasted LED lamps intended for general lighting services on supplies up to 250V.","Lamps and Related Equipments Committee, ETD 23","Lighting & LED Products","Original 2012 edition; First Revision published as IS 16102(Part1):2026","2012","https://services.bis.gov.in/php/BIS_2.0/bisconnect/knowyourstandards/Indian_standards/isdetails/MjE0NTE="
"IS 4722:2001","Rotating Electrical Machines — Specification","Identical under dual numbering with the 1988-era IEC 60034-3 'Specific requirements for turbine-type synchronous machines' — applies to large three-phase turbine-type synchronous machines (generators) with rated outputs of 10 MVA and above.","Rotating Machinery Sectional Committee, ETD 15","Electrical Machines & Cables","Likely superseded: the current IEC 60034-3 content area (synchronous generators driven by steam/gas turbines) appears to now be carried under IS 15999 (Part 3):2023, which is 'Identical under dual numbering' with the current IEC 60034-3:2020 — confirm directly with BIS/Babar's team before treating IS 4722:2001 as the live standard.","2001","https://services.bis.gov.in/php/BIS_2.0/bisconnect/knowyourstandards/Indian_standards/isdetails_mnd/5966"
"IS 13252 (Part 1):2010","Information Technology Equipment — Safety Part 1: General Requirements (Second Revision) / IEC 60950-1:2005","Safety requirements for IT equipment (servers, workstations, laptops, networking devices, storage systems, peripherals) operating on voltages up to 600V, covering electric shock, fire and mechanical hazards.","Electronics and Information Technology Department, LITD 7","IT & Electronics Equipment Safety","Second Revision","2010","https://www.services.bis.gov.in/php/BIS_2.0/bisconnect/knowyourstandards/Indian_standards/isdetails/MzQ4"
"IS 694:2010","Polyvinyl Chloride Insulated (Unsheathed and Sheathed) Cables/Cords with Rigid and Flexible Conductor for Rated Voltages up to and including 1100 V (Fourth Revision)","General requirements for single and multicore cables/cords with rigid or flexible annealed bare/tinned copper or aluminium conductors, PVC insulated (with or without sheath), for rated voltages up to and including 1100 V — used for internal wiring and household/industrial low-voltage applications.","NULL","Electrical Machines & Cables","Fourth Revision","2010","https://www.services.bis.gov.in/tmp/compendium_2025-06-02-05-09-22.pdf"
"IS 9873 (Part 1):2019","Safety of Toys — Part 1: Safety Aspects Related to Mechanical and Physical Properties (Fourth Revision) / ISO 8124-1:2018","Requirements and test methods for toys intended for use by children from birth to 14 years, covering structural characteristics (shape, size, contour, spacing) and toy-category-specific safety criteria.","Toys and Related Test Methods Sectional Committee, PCD 30","Toys & Children's Product Safety","Fourth Revision (identical to ISO 8124-1:2018)","2019","https://services.bis.gov.in/tmp/Circular_McXI_2024-07-02.pdf"
"IS 15298 (Part 2):2024","Personal Protective Equipment Part 2: Safety Footwear (Third Revision) / ISO 20345:2021, MOD","Specification for safety footwear providing toe protection and other protective features, modified/technically equivalent to ISO 20345:2021.","Committee CHD 19 (Leather and Leather Products)","Personal Protective Equipment (PPE)","Third Revision (supersedes IS 15298 Part 2:2016)","2024","https://services.bis.gov.in/php/BIS_2.0/bisconnect/knowyourstandards/Indian_standards/isdetails/MzE1NzM="
"IS 2347:2017","Domestic Pressure Cooker — Specification (Sixth Revision)","Covers requirements for domestic pressure cookers of nominal capacity up to 24 litres, including aluminium, stainless steel, hard-anodized, induction-compatible, composite-bottom and 3-ply type cookers.","Utensils, Cutlery and Domestic Hardware Sectional Committee, MED 33","Household & Domestic Appliances","Sixth Revision | REVISED — IS 2347:2017 has been superseded by IS 2347:2023 (Seventh Revision). Implementation deadline for the revised standard was 28 March 2024, per an official BIS circular. Treat IS 2347:2017 as historical unless the team specifically needs the older edition.","2017","https://services.bis.gov.in/php/BIS_2.0/bisconnect/get_is_list_by_category_id/4"
"IS 10500:2012","Drinking Water — Specification (Second Revision)","Prescribes requirements and methods of sampling and test for drinking water, defining 'Acceptable Limit' and 'Permissible Limit (in absence of alternate source)' for physical, chemical, bacteriological and radiological parameters.","NULL","Drinking Water & Water Supply","Second Revision","2012","https://services.bis.gov.in/tmp/Circular_for_PM_IS_10500_hkJ3_2020-10-09.pdf"
"IS 14543:2016","Packaged Drinking Water (Other Than Packaged Natural Mineral Water) — Specification (Second Revision)","Covers quality, packaging and labelling requirements for packaged drinking water sold in India, other than packaged natural mineral water (which is separately covered by IS 13428/IS 14543's sibling standard).","NULL","Drinking Water & Water Supply","Second Revision","2016","https://services.bis.gov.in/tmp/Circular_McXI_2024-07-02.pdf"
"IS 4984:2016","Polyethylene Pipes for Water Supply — Specification (Fifth Revision)","Covers requirements for high-density polyethylene (HDPE) pipes intended for potable water supply, including material, dimensional and pressure-rating requirements; identical/equivalent scope area to ISO 4427.","Not available on reviewed BIS page (sub-group per official classification: 'PE pipes, Fittings and their testing')","Drinking Water & Water Supply","Fifth Revision","2016","https://www.services.bis.gov.in/php/BIS_2.0/bisconnect/knowyourstandards/Indian_standards/isdetails/MTE2OTQ="
"IS 4985:2021","Unplasticized PVC Pipes for Potable Water Supplies — Specification (Fourth Revision)","Covers requirements for unplasticized PVC (uPVC) pipes intended for conveying potable water under pressure, including lead-free material composition, dimensions, pressure classes, and physical/mechanical test requirements.","Plastic Piping System Sectional Committee, CED 50","Drinking Water & Water Supply","Fourth Revision","2021","https://services.bis.gov.in/tmp/1733992245.pdf"
"IS 7224:2006","Iodized Salt, Vacuum Evaporated Iodized Salt and Refined Iodized Salt — Specification (Second Revision)","Covers requirements for common salt fortified with iodine (iodized salt) intended for human consumption, including vacuum-evaporated and refined iodized salt grades.","NULL","Food Products & Packaging","Second Revision","2006","https://services.bis.gov.in/tmp/Circular_McXI_2024-07-02.pdf"
"IS 15410:2003","Containers for Packaging of Natural Mineral Water and Packaged Drinking Water — Specification","Covers requirements for containers (bottles/jars, typically PET or similar) used to package natural mineral water and packaged drinking water, including material safety, dimensional and performance/leakage-test requirements.","NULL","Food Products & Packaging","NULL","2003","https://services.bis.gov.in/tmp/Circular_McXI_2024-07-02.pdf"
"IS 2830:2012","Carbon Steel Cast Billet Ingots, Billets, Blooms and Slabs for Re-Rolling into Steel for General Structural Purposes — Specification (Third Revision)","Covers requirements for cast carbon-steel billet ingots, billets, blooms and slabs intended for re-rolling into finished steel products for general structural purposes.","NULL","Structural & Constructional Steel","Third Revision","2012","https://services.bis.gov.in/tmp/Circular_McXI_2024-07-02.pdf"
"IS 4905:2015","Random Sampling and Randomization Procedures (First Revision) / ISO 24153:2009","Cornerstone standard for random sampling and randomization procedures used across industrial quality control, trade and scientific applications; identical to ISO 24153:2009. Supersedes the original IS 4905:1968.","Statistical Methods for Quality and Reliability Sectional Committee, MSD 03","Quality Control, Sampling & Testing Methods","First Revision (harmonized with ISO 24153:2009)","2015","https://services.bis.gov.in/tmp/1734345518.pdf"
"IS 2500 (Part 1):2000","Sampling Procedures for Inspection by Attributes: Part 1 Sampling Schemes Indexed by Acceptance Quality Limit (AQL) for Lot-by-Lot Inspection (Third Revision) / ISO 2859-1:1999","Acceptance sampling plans indexed by Acceptable Quality Level (AQL) — specifies how many units to inspect from a lot and the acceptance/rejection criteria; identical to ISO 2859-1:1999.","Statistical Methods for Quality, Data Analytics and Reliability Sectional Committee, MSD 03","Quality Control, Sampling & Testing Methods","Third Revision","2000","https://www.services.bis.gov.in/php/BIS_2.0/dgdashboard/published/sub_sub_grp_stn_list/578"
